ID,MapName_lang
0,Reinos do Leste
1,Kalimdor
13,Art Team Map
25,Scott Test
30,Vale Alterac
33,Bastilha da Presa Negra
34,Cárcere de Ventobravo
35,<unused>StormwindPrison
36,Minas Mortas
37,Cratera de Azshara
42,Teste de Collin
43,Caverna Ululante
44,<unused> Monastery
47,Urzal dos Tuscos
48,Profundezas Negras
70,Uldaman
90,Gnomeregan
109,Templo Submerso
129,Urzal dos Mortos
169,Sonho Esmeralda
189,Monastério Escarlate de Outrora
209,Zul'Farrak
229,Pico da Rocha Negra Inferior
230,Abismo Rocha Negra
249,Covil de Onyxia
269,Abertura do Portal Negro
289,Scolomântia ANTIGO
309,Antiga Zul'Gurub
329,Stratholme
349,Maraudon
369,Metrô Correfundo
389,Cavernas Ígneas
409,Núcleo Derretido
429,Gládio Cruel
449,Quartel JxJ da Aliança
450,Quartel JxJ da Horda
451,Área em Desenvolvimento
469,Covil Asa Negra
489,Ravina Brado Guerreiro Clássica
509,Ruínas de Ahn'Qiraj
529,Bacia Arathi Clássica
530,Terralém
531,Templo de Ahn'Qiraj
532,Karazhan
533,Naxxramas
534,A Batalha pelo Monte Hyjal
540,Cidadela Fogo do Inferno: Salões Despedaçados
542,Cidadela Fogo do Inferno: Fornalha de Sangue
543,Cidadela Fogo do Inferno: Muralha
544,Covil de Magtheridon
545,Presacurva: Câmara dos Vapores
546,Presacurva: Brejo Oculto
547,Presacurva: Pátio dos Escravos
548,Presacurva: Caverna do Serpentário
550,Bastilha da Tormenta
552,Bastilha da Tormenta: Arcatraz
553,Bastilha da Tormenta: Jardim Botânico
554,Bastilha da Tormenta: Mecanar
555,Auchindoun: Labirinto Soturno
556,Auchindoun: Salões dos Sethekk
557,Auchindoun: Tumbas de Mana
558,Auchindoun: Catacumbas Auchenai
559,Arena de Nagrand (antiga)
560,A Fuga de Forte do Desterro
562,zzOldBlade's Edge Arena
564,Templo Negro
565,Covil de Gruul
566,Olho da Tormenta
568,Zul'Aman
571,Nortúndria
572,Ruínas de Lordaeron
573,TesteExterior
574,Bastilha Utgarde
575,Pináculo Utgarde
576,Nexus
578,Óculus
580,Nascente do Sol
582,Transporte: Rut'theran para Auberdine
584,Transporte: Menethil para Theramore
585,Terraço dos Magísteres
586,Transporte: Exodar para Auberdine
587,Transporte: Barco de Plumaluna
588,Transporte: Menethil para Auberdine
589,Transporte: Orgrimmar para Grom'Gol
590,Transporte: Grom'gol para Cidade Baixa
591,Transporte: Cidade Baixa para Orgrimmar
592,Transporte: Teste da Tundra Boreana
593,Transporte: Angra do Butim para Vila Catraca
594,Transporte: Santa Misericórdia do Fiorde Uivante (Missão)
595,Expurgo de Stratholme
596,Transporte: Naglfar
597,Teste de Craig
598,Sunwell Fix (Unused)
599,Salões Rochosos
600,Bastilha Drak'Tharon
601,Azjol-Nerub
602,Salões Relampejantes
603,Ulduar
604,Gundrak
605,Área em Desenvolvimento (texturas não pesadas)
606,QA e DVD
607,Baía dos Ancestrais
608,Castelo Violeta
609,Fortaleza de Ébano
610,Transporte: Tirisfal para Porto Vendeta
612,Transporte: Menethil para Valgarde
613,Transporte: Orgrimmar para Fortaleza Brado Guerreiro
614,Transporte: Ventobravo para Bastilha Valentia
615,Santuário Obsidiano
616,Olho da Eternidade
617,Esgotos de Dalaran
618,Ringue dos Valorosos
619,Ahn'kahet: O Velho Reino
620,Transporte: Moa'ki para Unu'pe
621,Transporte: Moa'ki para Kamagua
622,Transporte: Martelo de Orgrim
623,Transporte: O Rompe-céus
624,Abóbada de Arcavon
627,Unused (DELETE ME)
628,Ilha da Conquista
631,Cidadela da Coroa de Gelo
632,Forja das Almas
637,Exterior do Oceano Abissal
638,Guilnéas
641,Transporte: Aeronave da Aliança do CB
642,Transporte: Aeronave da Horda do CB
643,Trono das Marés
644,Salões Primordiais
645,Caverna Rocha Negra
646,Geodomo
647,Transporte: Orgrimmar para Penhasco do Trovão
648,Ilhas Perdidas
649,Prova do Cruzado
650,Prova do Campeão
651,ElevatorSpawnTest
654,Guilnéas3
655,GuilnéasFase1
656,GuilnéasFase2
657,Pináculo do Vórtice
658,Fosso de Saron
659,Erupção do Vulcão das Ilhas Perdidas
660,Teto de Geodomo
661,Cidade Portátil das Ilhas Perdidas
662,Transporte: Barco da Aliança de Vashj'ir
668,Salões da Reflexão
669,Descenso do Asa Negra
670,Grim Batol
671,Bastião do Crepúsculo
672,Transporte: O Rompe-céus (Raide Cidadela da Coroa de Gelo)
673,Transporte: Martelo de Orgrim (Raide Cidadela da Coroa de Gelo)
674,Transporte: Barco para Vashj'ir
712,Transporte: O Rompe-céus (Masmorra MdG)
713,Transporte: Martelo de Orgrim (Masmorra MdG)
718,Transporte: Vigoroso Vento (Raide Cidadela da Coroa de Gelo)
719,Monte Hyjal Fase 2
720,Terras do Fogo
721,Terreno 3 das Terras do Fogo
723,Ventobravo
724,Santuário Rubi
725,Litocerne
726,Montes Gêmeos
727,Minas Estilhaço Prateado
728,A Batalha por Guilnéas (Mapa da Cidade Velha)
730,Zona da Voragem
731,Bomba das Torres de Pedra
732,Tol Barad
734,Terraço de Ahn'Qiraj
736,Fase da Presa do Dragão no Planalto do Crepúsculo
738,Barco para Vashj'ir (Orgrimmar -> Vashj'ir)
739,Submarino de Vashj'ir - Horda
740,Submarino de Vashj'ir - Aliança
741,Transporte da Horda no Planalto do Crepúsculo
742,Submarino de Vashj'ir - Horda - Circulandoo Oceano Abissal
743,Submarino de Vashj'ir - Aliança - Circulando o Oceano Abissal
746,Fase Oásis em Uldum
747,Transporte: Belonave do Geodomo
748,Transporte: Elevador Onyxia/Nefarian
749,Transporte: Belonave Móvel de Guilnéas
750,Transporte: Belonave Estática de Guilnéas
751,Cristarrubra - Bomba de Orc
752,Cristarrubra - Fase Um da Ponte
753,Cristarrubra - Fase Dois da Ponte
754,Trono dos Quatro Ventos
755,Cidade Perdida dos Tol'vir
757,Guarnição Baradin
759,Entrada Defasada de Uldum
760,Entrada Defasada do Planalto do Crepúsculo
761,A Batalha por Guilnéas
762,Zepelim 1 do Planalto do Crepúsculo
763,Zepelim 2 do Planalto do Crepúsculo
764,Uldum - Fase Acampamento Destruído
765,Zepelim de Ataque dos Krazzodutos
766,Transporte: Belonave Móvel de Guilnéas 02
767,Transporte: Belonave Móvel de Guilnéas 03
859,Zul'Gurub
860,Ilha Errante
861,Front Ígneo
870,Pandária
930,Um Lugar Sombrio
938,Fim dos Tempos
939,Nascente da Eternidade
940,Hora do Crepúsculo
951,Nexus Lendária
959,Monastério Shado-pan
960,Templo da Serpente de Jade
961,Cervejaria Malte do Trovão
962,Portal do Sol Poente
967,Alma Dragônica
968,Olho da Tormenta Ranqueado
971,Fase de Hub da Aliança Floresta de Jade
972,Fase de Campo de Batalha Floresta de Jade
974,Feira de Negraluna
975,Nave Tartaruga Fase 01
976,Nave Tartaruga Fase 02
977,Combate contra o Asa da Morte na Voragem
980,Arena Tol'viron
994,Palácio Mogu'shan
995,Profundezas [NÃO USADO]
996,Terraço da Primavera Eterna
998,Templo de Kotmogu
999,Queda de Theramore (H)
1000,Queda de Theramore (A)
1001,Salões Escarlates
1004,Monastério Escarlate
1005,Tempestade Cervejeira
1007,Scolomântia
1008,Galerias Mogu'shan
1009,Coração do Medo
1010,CTF3
1011,Cerco ao Templo Niuzao
1014,Pico da Serenidade
1019,Ruínas de Theramore
1024,Aldeia Rocha Verde
1028,(UNUSED) Scenario: Mogu Ruins
1029,(UNUSED) Scenario: Mogu Crypt
1030,Cripta dos Reis Esquecidos
1031,Arena da Aniquilação
1032,Batalha de Mascotes - Floresta de Jade
1035,Templo de Kotmogu
1043,Arena de Brig'ga Fea
1048,Ungá Ingô
1049,(UNUSED) Scenario: Black Ox Temple
1050,Ataque a Zan'vess
1051,Festival da Cerveja da Lua
1060,Level Design Land - Dev Only
1061,Área de Missões Diárias da Praia da Horda
1062,Área de Missões Diárias da Praia da Aliança
1064,Área Diária da Ilha Mogu
1066,Stormwind Gunship Pandaria Start Area
1074,Orgrimmar Gunship Pandaria Start
1075,Fase da Queda de Theramore
1076,Área Inicial da Horda - Floresta de Jade
1095,Adaga no Escuro
1098,Trono do Trovão
1099,Cenário da Batalha Naval
1101,Defesa da Taberna CB
1102,Ponto de Dominação
1103,Ancoradouro do Leão
1104,Um Pouco de Paciência
1105,Desfiladeiro do Vendaval (Legado)
1106,Cenário Jaina Dalaran
1107,Fenda Chagamedo
1112,Em Busca da Colheita Negra
1113,Transporte: CarrosseldeNegraluna
1116,Draenor
1120,Centro da Horda do Rei Trovão
1121,Centro da Aliança da Ilha do Trovão
1122,Cerco à Cidade - Progressão do Cenário da Ilha Mogu
1123,Forja do Relâmpago - Progressão do Cenário da Ilha Mogu
1124,Estaleiro - Progressão do Cenário da Ilha Mogu
1125,Centro da Aliança - Progressão do Cenário da Ilha Mogu
1126,Eventos de Progressão da Ilha Mogu
1127,Portão Final - Progressão do Cenário da Ilha Mogu
1128,Eventos da Ilha Mogu - Base da Horda
1129,Eventos da Ilha Mogu - Base da Aliança
1130,Sangue na Neve
1131,Os Segredos das Cavernas Ígneas
1132,Transporte: Piparote (Arena de Brig’ga Fea)
1133,Transporte: Navio Zandalari (Ilha Mogu)
1134,O Pico do Tigre
1135,Sala do Tesouro da Ilha Mogu
1136,Cerco a Orgrimmar
1144,Cenário Coração do Deus Antigo
1148,Campo de Testes
1152,FW Guarnição da Horda Nível 1
1153,FW Guarnição da Horda Nível 3
1154,FW Guarnição da Horda Nível 4
1155,Bastilha de Stromgarde
1157,Cenário de Meia Colina
1158,SMV Guarnição da Aliança Nível 1
1159,SMV Guarnição da Aliança Nível 3
1160,SMV Guarnição da Aliança Nível 4
1161,Torneio Celestial
1166,Campo de Batalha Pequeno A
1168,O Expurgo de Grommar - Scenario
1169,Campo de Batalha Pequeno B
1170,Confronto final dos Shado-Pan
1171,Campo de Batalha Pequeno D
1172,Transporte: Cerco a Orgrimmar (Aliança)
1173,Transporte: Cerco a Orgrimmar (Horda)
1175,Minas de Escória do Malho Sangrento
1176,Sepulcrário da Lua Negra
1179,Heróis de Warcraft
1181,PattyMack Test Garrison Bldg Map
1182,Auchindoun
1187,GOR Guarnição Aliança Nível 1
1188,GOR Guarnição Aliança Nível 2
1189,GOR Guarnição Aliança Level 3
1190,Fase da Barreira do Inferno
1191,Ashran
1192,Transporte: Trem de Gorgrond
1195,Docas de Ferro
1200,Cenário da Cidade de Ossos
1203,Cenário do Final de Fogofrio
1205,Fundição da Rocha Negra
1207,A batalha por Shattrath
1208,Central do Carrilcruel
1209,Beira-céu
1212,Guarnição - Aliança - Ferraria 3
1213,Guarnição - Aliança - Alquimia 1
1214,Guarnição - Aliança - Encantamento 3
1215,Guarnição - Aliança - Engenharia 3
1216,Guarnição - Aliança - Fazenda1
1217,Guarnição - Aliança - Escrivania 1
1218,Guarnição - Aliança - Joalheria 1
1219,Guarnição - Aliança - Couraria 1
1220,Ilhas Partidas
1221,Guarnição - Mina Aliança 1
1222,Guarnição - Mina Aliança 2
1223,Guarnição - Mina Aliança 3
1224,Guarnição - Estábulo Aliança 1
1225,Guarnição - Estábulo Aliança 2
1226,Guarnição - Estábulo Aliança 3
1227,Guarnição - Aliança - Alfaiataria 3
1228,Malho Imponente
1229,Guarnição - Aliança - Estalagem 1
1230,Guarnição - Aliança - Celeiro 1
1231,Transporte: Barcaça Mata-onda
1232,GOR Guarnição da Horda Nível 0
1233,GOR Guarnição da Horda Nível 3
1234,TAL Guarnição da Aliança Nível 0
1235,TAL Guarnição da Aliança Nível 3
1236,TAL Guarnição da Horda Nível 0
1237,TAL Guarnição da Horda Nível 3
1238,SOA Guarnição da Aliança Nível 0
1239,SOA Guarnição da Aliança Nível 3
1240,SOA Guarnição da Horda Nível 0
1241,SOA Guarnição da Horda Nível 3
1242,NAG Guarnição da Aliança Nível 0
1243,NAG Guarnição da Aliança Nível 3
1244,NAG Guarnição da Horda Nível 0
1245,NAG Guarnição da Horda Nível 3
1247,Guarnição - Aliança - Armaria 1
1248,Guarnição - Aliança - Quartel 1
1249,Guarnição - Aliança - Engenharia 1
1250,Aliança - Guarnição - Jardim de Herborismo 1 (UNUSED)
1251,Aliança - Guarnição - Estalagem 1 NÃO USAR
1252,Guarnição - Aliança - Serraria 1
1253,Guarnição - Aliança - Torre dos Magos 1
1254,Guarnição - Aliança - Arena de Pugilato 1
1255,Guarnição - Aliança - Depósito de Ferro-velho 1
1256,Guarnição - Aliança - Armazém 1
1257,Guarnição - Aliança - Posto Comercial 1
1258,Guarnição - Aliança - Alfaiataria 1
1259,Guarnição - Aliança - Encantamento 1
1260,Guarnição - Aliança - Ferraria 1
1261,Guarnição - Aliança - Plantação Pequena
1262,Guarnição - Aliança - Plantação Média
1263,Guarnição - Aliança - Plantação Grande
1264,Propland - Dev Only
1265,Introdução à Selva de Tanaan
1266,Cenário de Círculo Sangrento
1268,Confronto de Teron'gor
1270,Área em Desenvolvimento 3
1273,Nagrand - Acampamento da Guarnição - Estábulo2
1277,Defesa de Karabor
1278,Guarnição - Horda - Quartel 1
1279,Floretérnia
1280,Costa Sul x Serraria Tarren
1281,Guarnição - Horda - Alquimia 1
1282,Guarnição - Horda - Armaria 1
1283,Guarnição - Horda - Celeiro 1
1284,Guarnição - Horda - Ferraria 1
1285,Guarnição - Horda - Encantamento 1
1286,Guarnição - Horda - Engenharia 1
1287,Guarnição - Horda - Estalagem 1
1288,Guarnição - Horda - Escrivania 1
1289,Guarnição - Horda - Joalheria 1
1290,Guarnição - Horda - Couraria 1
1291,Guarnição - Horda - Serraria 1
1292,Guarnição - Aliança - Torre dos Magos 1
1293,Guarnição - Horda - Mina 1
1294,Guarnição - Horda - Estábulo 1
1295,Guarnição - Horda - Depósito de Ferro-velho 1
1296,Guarnição - Horda - Arena de Pugilato 1
1297,Guarnição - Horda - Estábulo 1
1298,Guarnição - Horda - Armazém 1
1299,Guarnição - Horda - Alfaiataria 1
1300,Guarnição - Horda - Posto Comercial 1
1301,Guarnição - Horda - Oficina 1
1302,Guarnição - Aliança - Oficina 1
1303,Guarnição - Horda - Fazenda1
1304,Guarnição - Horda - Plot Large
1305,Guarnição - Horda - Plot Medium
1306,Guarnição - Horda - Plot Small
1307,Intro da Selva de Tanaan - Fase da Forja
1308,Guarnição - Horda - Pesca 1
1309,Guarnição - Aliança - Pesca 1
1310,Expansão 5 QA Modelo de Mapa
1311,Área externa da guarnição - Arena - Horda (PRECISA DE WMO)
1312,Área externa da guarnição - Arena - Aliança (PRECISA DE WMO)
1313,Área externa da guarnição - Serraria - Aliança
1314,Área externa da guarnição - Serraria - Horda
1315,Área externa da guarnição - Armaria - Horda
1316,Área externa da guarnição - Armaria - Aliança
1317,Área externa da guarnição - Torre dos Magos - Horda
1318,Área externa da guarnição - Torre dos Magos - Aliança
1319,Área externa da guarnição - Estábulos - Horda
1320,Área externa da guarnição - Estábulos - Aliança
1321,Área externa da guarnição - Oficina - Horda
1322,Área externa da guarnição - Oficina - Aliança
1323,Área externa da guarnição - Estalagem - Horda
1324,Área externa da guarnição - Estalagem - Aliança
1325,Área externa da guarnição - Posto Comercial - Horda
1326,Área externa da guarnição - Posto Comercial - Aliança
1327,"Área externa da guarnição - Lote de construção, médio - Horda"
1328,"Área externa da guarnição - Lote de construção, médio - Aliança"
1329,Cenário de Grommashar
1330,FW Guarnição da Horda Nível 2
1331,SMV Guarnição da Aliança Nível 2
1332,Guarnição - Horda - Quartel 2
1333,Guarnição - Horda - Armaria 2
1334,Guarnição - Horda - Celeiro 2
1335,Guarnição - Horda - Estalagem 2
1336,Guarnição - Horda - Serraria 2
1337,Guarnição - Aliança - Torre dos Magos 2
1338,Guarnição - Horda - Estábulo 2
1339,Guarnição - Horda - Estábulo 2
1340,Guarnição - Horda - Posto Comercial 2
1341,Guarnição - Horda - Oficina 2
1342,Guarnição - Horda - Quartel 3
1343,Guarnição - Horda - Armaria 3
1344,Guarnição - Horda - Celeiro 3
1345,Guarnição - Horda - Estalagem 3
1346,Guarnição - Aliança - Torre dos Magos 3
1347,Guarnição - Horda - Estábulo 3
1348,Guarnição - Horda - Estábulo 3
1349,Guarnição - Horda - Posto Comercial 3
1350,Guarnição - Horda - Oficina 3
1351,Guarnição - Aliança - Grande - Construção
1352,Guarnição - Aliança - Médio - Construção
1353,Guarnição - Horda - Grande - Construção
1354,Guarnição - Horda - Médio - Construção
1358,Pico da Rocha Negra Superior
1361,Guarnição - Aliança - Torre dos Magos 2
1362,Guarnição - Aliança - Torre dos Magos 3
1363,Guarnição - Horda - Mina 2
1364,Guarnição - Horda - Mina 3
1367,Guarnição - Aliança - Oficina 2
1368,Guarnição - Aliança - Oficina 3
1369,Guarnição - Aliança - Serraria 2
1370,Guarnição - Aliança - Serraria 3
1371,Guarnição - Horda - Pequeno - Construção
1372,Guarnição - Aliança - Pequeno - Construção
1374,Missão de Auchindoun
1375,Guarnição - Aliança - Alquimia 2
1376,Guarnição - Aliança - Alquimia 3
1377,Guarnição - Aliança - Ferraria 2
1378,Guarnição - Aliança - Encantamento 2
1379,Guarnição - Aliança - Engenharia 2
1380,Guarnição - Aliança - Escrivania 2
1381,Guarnição - Aliança - Escrivania 3
1382,Guarnição - Aliança - Joalheria 2
1383,Guarnição - Aliança - Joalheria 3
1384,Guarnição - Aliança - Couraria 2
1385,Guarnição - Aliança - Couraria 3
1386,Guarnição - Aliança - Alfaiataria 2
1387,Guarnição - Aliança - Armazém 2
1388,Guarnição - Aliança - Armazém 3
1389,Guarnição - Horda - Armazém 2
1390,Guarnição - Horda - Armazém 3
1391,Guarnição - Aliança - Depósito de Ferro-velho 2
1392,Guarnição - Aliança - Depósito de Ferro-velho 3
1393,Guarnição - Horda - Serraria 3
1394,Guarnição - Aliança - Arena de Pugilato 2
1395,Guarnição - Aliança - Arena de Pugilato 3
1396,Guarnição - Aliança - Posto Comercial 2
1397,Guarnição - Aliança - Posto Comercial 3
1398,Guarnição - Aliança - Celeiro 2
1399,Guarnição - Aliança - Celeiro 3
1400,Guarnição - Aliança - Estalagem 2
1401,Guarnição - Aliança - Estalagem 3
1402,Final de Gorgrond
1403,Guarnição - Aliança - Quartel 2
1404,Guarnição - Aliança - Quartel 3
1405,Guarnição - Aliança - Armaria 2
1406,Guarnição - Aliança - Armaria 3
1407,zzOld
1409,Guarnição - Horda - Arena de Pugilato 2
1410,Guarnição - Horda - Arena de Pugilato 3
1411,Guarnição - Horda - Alquimia 2
1412,Guarnição - Horda - Alquimia 3
1413,Guarnição - Horda - Ferraria 2
1414,Guarnição - Horda - Ferraria 3
1415,Guarnição - Horda - Encantamento 2
1416,Guarnição - Horda - Encantamento 3
1417,Guarnição - Horda - Escrivania 2
1418,Guarnição - Horda - Escrivania 3
1419,Guarnição - Horda - Couraria 2
1420,Guarnição - Horda - Couraria 3
1421,Guarnição - Horda - Joalheria 2
1422,Guarnição - Horda - Joalheria 3
1423,Guarnição - Horda - Alfaiataria 2
1424,Guarnição - Horda - Alfaiataria 3
1425,Guarnição - Horda - Depósito de Ferro-velho 2
1426,Guarnição - Horda - Depósito de Ferro-velho 3
1427,PattyMack Teste - Construção da Guarnição - Mapa
1429,Guarnição - Horda - Engenharia 2
1430,Guarnição - Horda - Engenharia 3
1431,Coliseu
1432,Guarnição - Horda - Pesca 2
1433,Guarnição - Horda - Pesca 3
1434,Guarnição - Aliança - Pesca 2
1435,Guarnição - Aliança - Pesca 3
1437,Guarnição - Aliança - Estábulo de Mascotes 1
1438,Guarnição - Aliança - Estábulo de Mascotes 2
1439,Guarnição - Aliança - Estábulo de Mascotes 3
1440,Guarnição - Aliança - Enfermaria 1
1441,Guarnição - Aliança - Enfermaria 2
1442,Guarnição - Aliança - Enfermaria 3
1446,"Área externa da guarnição - Lote de construção, grande - Aliança"
1447,"Área externa da guarnição - Lote de construção, grande - Horda"
1448,Cidadela Fogo do Inferno
1451,Teste da Legião de Tanaan
1453,Flagelo da Vila Norte
1454,The Broken Shore (old - delete)
1455,Gume da Realidade
1456,Olho de Azshara
1457,Masmorra de Teste
1458,Covil de Neltharion
1459,Transporte: A Montanha de Ferro
1460,Cenário da Costa Partida
1461,Cenário de Azsuna
1462,Pedra de Illidan
1463,Helhiem Exterior Area
1464,Selva de Tanaan
1465,Selva de Tanaan - Fase sem Hubs
1466,Bosque Corenegro
1468,Warden Prison DH Quests
1469,Coração de Azeroth
1470,Masmorra de Legion
1471,Dungeon Test Map 1466
1473,Guarnição - Aliança - Estaleiro
1474,Guarnição - Horda - Estaleiro
1475,Gorja de Nashal
1476,Transporte: Gorja de Nashal
1477,Salões da Bravura
1478,Templo de Eluna
1479,Fortaleza Celeste
1480,Cidadela da Coroa de Gelo
1481,Mardum
1482,Estaleiro da Guarnição - Submarino - Aliança
1483,Estaleiro da Guarnição - Destróier - Aliança
1484,Estaleiro da Guarnição - Transporte
1485,Garrison Shipyard - Battleship - Alliance
1486,Garrison Shipyard - Carrier - Horde
1487,Estaleiro da Guarnição - Submarino - Horda
1488,Estaleiro da Guarnição - Destróier - Horda
1489,Niskara
1492,Gorja das Almas
1493,Câmara das Guardiãs
1494,Castelo Violeta
1495,Pouso do Escudo
1496,Garrison Shipyard - Carrier - Alliance
1497,Garrison Shipyard - Battleship - Horde
1498,Castelo Almavil
1499,oldArtifact - Warrior Fury Acquisition
1500,Costa Partida
1501,Castelo Corvo Negro
1502,Esgotos de Dalaran
1503,Geodomo
1504,Arena do Castelo Corvo Negro
1505,Arena de Nagrand
1509,Bloodtotem Cavern - Fel Phase
1510,Bloodtotem Cavern - Tauren Phase
1511,Porto Mareskárnio
1512,Templo Eterluz
1513,Salão do Guardião
1514,Ilha Errante
1515,Guerra de Huln
1516,O Arcâneo
1517,Stormheim Prescenario Windrunner
1518,Stormheim Prescenario Skyfire
1519,Martelo Vil
1520,O Pesadelo Esmeralda
1522,Fenda Chagamedo
1523,Cenário da Defesa do Martelo Vil
1526,Templo do Tigre Branco
1527,Cenário de Alta Montanha
1528,Muralha Celeste
1529,Karazhan
1530,Baluarte da Noite
1532,High Mountain Mesa Scenario
1533,Catacumbas de Karazhan
1534,Clareira da Lua
1535,Clareira da Lua
1536,Covil de Ursoc
1537,zzOLD - Boost Experience
1538,test
1539,Clareiras de Tirisfal
1540,Estrada Onírica Esmeralda
1541,Terraço da Primavera Eterna
1544,Ataque ao Castelo Violeta
1545,Azsuna
1547,Artifact - Combat - Acquisition Ship
1549,Tech Test - Seamless World Transition A
1550,Tech Test - Seamless World Transition B
1552,Queda de Ashamane
1553,Recife Crepuscular
1554,7.0 Boost Experience - Alliance
1555,zzOLD - Transport: Boost Experience - Alliance Gunship
1556,zzOLD - Transport: Boost Experience - Horde Gunship
1557,7.0 Boost Experience - Horde
1559,7.0 Transport: Boost Experience - Horde Gunship
1560,7.0 Transport: Boost Experience - Alliance Gunship
1561,Tech Test - Cosmetic Parent Performance
1571,Pátio das Estrelas
1572,Voragem
1579,Ulduar
1580,Voragem
1582,Delete
1583,Câmara do Nexus
1584,Julien Test Land
1586,Ataque a Ventobravo
1588,Dev Map - A - Jared Coulston
1589,Dev Map - B - Nathaniel Chapman
1590,Dev Map - C - Julien Tremblay
1591,Dev Map - D - PotT
1592,Dev Map - E
1593,Dev Map - F
1594,A MEGAMINA!!!
1599,Nordrassil
1600,Trono das Marés
1602,Artifact - The Vortex Pinnacle - Shaman Order Hall
1603,Throne of the Tides Scenario(DELETE)
1604,Artifact - Order Campaign - Portal World Niskara
1605,Firelands_Artifact
1607,Artifact - Acquisition - Subtlety
1608,Hyjal War of the Ancients Quest
1609,Templo das Tempestades
1610,Artifact - Serenity Legion Scenario
1611,Death Knight Campaign - Light's Hope Chapel
1612,Ruínas de Falanaar
1616,Faronaar
1617,Campanha de Cavaleiro da Morte - Cidade Baixa
1618,Campanha de Cavaleiro da Morte - Monastério Escarlate
1620,Artefato - Ventobravo
1621,Templo Negro - Legion
1622,Cenário: Fissura de Telogrus
1623,Campanha de Mago - Óculus
1624,Batalha da Exodar
1625,Provação da Serpente
1626,O Desmoronamento - Cenário de Suramar
1627,Fel Hammer DH Scenario
1628,Transporte: Nau de Batalha de Aliança
1629,Templo Eterluz
1630,Tol Barad
1632,O Arcâneo - Cenário de Suramar
1637,Transport: Alliance Ship PhaseableMO
1638,Transport: Horde Ship PhaseableMO
1639,Transport: Kvaldir Ship PhaseableMO
1642,Zandalar
1643,Kul Tiraz
1644,Ilha do Saque
1645,Crescent Isle (Islands Prototype)
1646,Black Rook Hold [Scenario]
1647,Pira Funeral de Vol'jin
1648,Provação da Bravura
1649,Transporte: Nau de Batalha da Horda
1650,Transporte: Nave de Comando da Legião
1651,Retorno a Karazhan
1653,Grande Treva Infinita
1655,8.0 Dev Land
1657,zzOldBlade's Edge Arena
1658,Environment Art Land - Dev Only
1661,[DEV] Demo Map
1662,Suramar
1663,Bloqueio da Masmorra
1666,Ataque à Costa Partida
1667,Legion Ship - Vertical
1668,Legion Ship - Horizontal
1669,Argus
1670,Broken Shore (Delete)
1671,Broken Shore - Prepatch 7.2 (Backup)
1672,Arena da Lâmina Afiada
1673,Olho da Eternidade – Cenário
1675,Winter AB_old
1676,Tumba de Sargeras
1677,Catedral da Noite Eterna
1678,AB Phase 1
1679,AB Phase 2
1680,AB Phase 3
1681,Bacia Arathi Invernal
1682,Fase de Terreno do Martelo Vil
1683,Artefato – Gnomeregan
1684,Fissura da Cicatriz Pavorosa – Plataforma de Cenário do Bruxo
1685,AI Test Map 8
1686,AI Test - Arathi Basin
1687,Caverna Ululante
1688,Minas Mortas
1689,Olho da Eternidade – Montaria da Classe Mago
1690,Caverna da Cobra
1691,Culinária: Impossível
1692,Fosso de Saron – Campanha de Cavaleiro da Morte
1693,Cervejaria Malte do Trovão – Cenário de Monge
1694,Gnomeregan
1695,Nau de Batalha: Ruína
1696,Legião – Centro de Comando
1697,Legião – Caverna das Aranhas da Legião
1698,Artefato – Aquisição – Tanque
1699,Legião – Caverna Vil da Legião
1700,Legião – Área Nova de Fogo Vil da Legião
1701,Legião – Quartel da Legião
1702,Artefato – Alta Montanha – Chefe Duplo
1703,Salões da Bravura – Cenário
1704,Legion Ship - Horizontal - Valsharah
1705,Legion Ship - Horizontal - Azsuna
1706,Nave da Legião - Vertical - Alta Montanha
1707,Legion Ship - Vertical - Stormheim
1708,Stratholme – Montaria da Classe Paladino
1710,Castelo Corvo Negro – Desafio do Artefato
1711,Alliance Submarine (7.1.5 Boat Holiday)
1712,"Antorus, o Trono Ardente"
1714,Salões da Bravura – Montaria da Classe Guerreiro
1715,Batalha pela Montanha Rocha Negra
1716,Torre dos Magos da Costa Partida
1717,Parque de Animação
1718,Nazjatar
1719,Fissura da Cicatriz Pavorosa – Cenário de Montaria do Bruxo
1723,Vale Cristálgida
1726,[TEMP] RaceTrackBG
1728,Salões da Bravura
1729,Olho da Eternidade – Montaria da Classe Mago (versão resumida)
1730,Defesa de Santuário de Aviana - Cenário
1731,Encerramento da Montaria de Druida - Cenário
1732,Plataforma Asavil - Montaria de Classe do Caçador de Demônios
1733,Cenário do Alerta de Azeroth
1734,Trono dos Quatro Ventos - Montaria de Classe Xamã
1735,Ermos Gélidos
1736,Santuário Rubi
1737,Cenário: Chapéu de Akazamzarak da Dimensão Portátil
1738,A Geleira Perdida
1739,AI Test Map - Arathi Basin - Debug Version
1740,AI Test - Warsong Gulch
1741,A Vindicaar
1744,Provação do Estilo
1746,Bastilha da Tormenta: Arcatraz
1747,Parque
1749,Front de Guerra - Sertões
1750,Ilha Névoa Lazúli
1751,Alliance Battleship (7.3 Intro)
1752,Sunstrider Battleship (7.3 Intro)
1753,Sede do Triunvirato
1754,Angra do Facão
1756,The Deaths of Chromie
1759,Transport: WarfrontBarrensGunship
1760,Lordaeron
1762,Repouso do Rei
1763,Atal'Dazar
1764,Salões Infinitos
1765,Protótipo de Fronts de Guerra
1771,Tol Dagor
1773,Sombra de Azeroth
1774,Forja das Eras
1775,Gorja de N'Zoth
1776,Nau de Batalha da Horda - Lamento da Banshee
1778,Terra do Design de Fase
1779,Pontos de Invasão
1780,Islands LD Playground
1782,Costa Fervilhante
1784,8.0 Islands - Cave - Hozen [Dev/Not Used]
1785,8.0 Islands - Ship - Pirateship
1786,8.0 Islands - Zeppelin - Goblin
1787,8.0 Islands - Micro - Mogu Crypt
1788,8.0 Islands - Cave - Primitve [Dev/Not Used]
1789,8.0 Islands - Cave - Saurok - Large [Dev/Not Used]
1795,Vale das Flores Eternas
1802,8.0 BG Temp
1803,Praia Fervilhante
1804,A Batalha por Stromgarde
1805,8.0 Islands - Event
1806,Nau de Batalha da Aliança - Redenção do Vento
1807,8.0 Islands - Event
1809,Ilha Gnomecânica
1811,Treinamento de Missão
1812,Suramar
1813,Un'gol Ruins (Islands 1)
1814,Havenswood (Islands 2)
1815,Etapa de Silithus
1817,Silithus: A Ferida
1818,Luaprata
1822,Cerco de Boralus
1825,Ponta do Gancho
1839,Xadrez de Karazan
1840,Nascente do Sol
1841,Terra Podre
1844,8.0 Islands - Event
1845,8.0 Islands - Event
1846,8.0 Islands - Ship - 6HU Cargoship
1847,Dev Map - G
1849,8.0 Islands - Event
1850,8.2.5 - MSEM - 1850
1851,8.0 Islands - Ship - 7FK Buccaneer
1852,8.0 Islands - Ship - Player Horde - Submarine [Dev/Not Used]
1853,8.0 Islands - Event
1854,8.0 Islands - Cave - 7VS Cave Micro 03 [Dev/Not Used]
1855,A Vindicaar
1856,Transporte: CB de Azerita - Aeronau da Aliança
1857,Transporte: CB de Azerita - Belonave da Horda
1860,Vindicaar
1861,Uldir
1862,Mansão Capelo
1863,Mapa de Teste - BL
1864,Santuário da Tempestade
1865,Fissura de Telogrus
1876,Fronts de Guerra Arathi – Horda
1877,Templo de Sethraliss
1878,zzOLD_Blackrock Depths
1879,Jorundall (Ilhas 7)
1880,8.0 Islands - Titan Island - Prototype
1881,8.0 Islands - Sinkhole - Prototype
1882,Verdant Wilds (Islands 8)
1883,Whispering Reef (Islands 10)
1884,Cerco a Orgrimmar - Cenário de Desbloqueio dos Orcs Mag'har
1885,8.0 Islands - White Mesa - Prototype
1886,8.0 Islands - Swamp - Prototype
1887,8.0 Islands - Swamp - Prototype
1888,8.0 Islands Josh
1889,8.0 Islands - Katalina - Prototype
1890,8.0 Assassins Scenario - Drustvar
1891,8.0 Islands - Cursed - Prototype
1892,The Rotting Mire (Islands 9)
1893,The Dread Chain (Islands 4)
1895,8.0 Islands - lost World Prototype
1896,8.0 Islands - Wonderland - Prototype
1897,Molten Cay (Islands 6)
1898,Skittering Hollow (Islands 5)
1899,8.0 Islands - Junker Gnome Caverns - Prototype
1900,This Map Was Made In The Wrong Branch - Re-use If Needed
1901,This Map Was Made In The Wrong Branch - Re-use If Needed
1902,"Belonave da Aliança, Silithus"
1903,"Belonave da Horda, Silithus"
1904,Fuga do Cárcere de Ventobravo
1906,Final do Continente de Zandalar
1907,Snowblossom Village (Islands 3)
1909,[UNUSED] Transport: Kul Tiras - Bridgeport
1910,Transporte: Kul Tiraz - Porto da Ponte - Virtude da Donzela
1911,Mugambala
1912,8.0 Islands - Cave - 7AZ Cave 02 [Dev/Not Used]
1913,PhaseableMO: Nazmir – Plataforma de Triangulação
1916,PhaseableMO: Nazmir - Ship World Quest
1917,Gorgrond - Mag'har Scenario
1918,Kalimdor Darkshore Phase
1919,8.0 Islands - Platform - KL Skywall Entrance Building 03
1920,8.0 Islands - Platform - MD Flamegate E
1921,8.0 Islands - Ship - Player Alliance - Kul'Tiras Medium 01 With Gangplank
1922,8.0 Islands - Ship - Player Horde - Zandalari Medium 01 With Gangplank
1923,8.0 Islands - Platform - Deepholm Mercury Pool 01
1924,8.0 Islands - Platform - 7AZ Vashjir Small Cave A
1925,Dev Map - H
1926,8.1.5 Allies - Kul Tiran Flagship (JAK)
1927,Nau Capitânia Zandalari
1929,Câmara do Coração
1930,Zandalar Alliance Intro Scenario
1931,Praga de Lordaeron
1932,Blackrock Depths - Dark Iron Scenario
1934,8.0 Islands - Cave - 8KUL_CaveMicro_freehold01 [Dev/Not Used]
1935,8.0 Islands - Cave - 8KUL_CaveMicro01
1936,8.0 Islands - Cave - 8KUL_CaveMicro02
1937,8.0 Islands - Cave - 8KUL_CaveMicro03
1938,8.0 Islands - Cave - 8RIV_CaveMicro_01
1939,8.0 Islands - Cave - 8RIV_CaveMicro_02
1940,Nau de Batalha da Aliança - Redenção do Vento de Vol'dun
1941,Transporte: Elevador de Raide de Nazmir
1942,Núcleo Derretido
1943,Fronts de Guerra Arathi - Aliança
1944,"Thros, a Terra Morta"
1945,Planalto Arathi 2
1946,Prototype - Ships
1947,Transporte: Protótipo - Nau da Aliança
1948,Transporte: Protótipo - Nau da Horda
1949,8.0 Boost Experience - Alliance
1950,8.0 Boost Experience - Horde
1951,8.0 Transport: Boost Experience - Alliance Gunship
1952,8.0 Transport: Boost Experience - Horde Gunship
1953,8.0 Islands - Platform - demigod dome living
1954,O Grande Oceano - Aliança
1955,Ilha Inexplorada
1956,8.0 Islands - Platform - Hot Old God 03
1957,8.0 Islands - Platform - Old God
1958,O Capitão Dourado - Navio de Transporte Zandalari
1959,Transporte Zandalari Navio Grande
1962,Navio Goblin Final
1963,Dev Map - I
1964,PhaseableMO: War Campaign - Horde - Chapter 05 - Kul Tiras Flagship
1965,PhaseableMO: War Campaign - Horde - Chapter 05 - Kul Tiras Ship
2066,O Grande Oceano - Horda
2067,Nau de Batalha Zandalari - Chamado de Gral
2068,[Not Used]
2069,Zuldazar Aliança Passagem de Bombardeio
2070,Batalha de Dazar'alor
2074,8.0 Transport: Boralus to Stormwind
2075,8.0 Islands - Event
2076,Terras do Fogo - Anão Ferro Negro
2077,8.0 Islands - Event
2078,8.0 Islands - Event
2081,Abismo Rocha Negra - Terminal Anão Ferro Negro
2082,8.0 Islands - Micro - Mogu Crypt
2083,8.0 Islands - Micro - Mogu Crypt
2084,8.0 Islands - Micro - Mogu Crypt
2085,8.0 Islands - Micro - Mogu Crypt
2086,8.0 Islands - Micro - Mogu Crypt
2087,8.0 Islands - Micro - Mogu Crypt
2088,8.0 Islands - Micro - Mogu Crypt
2094,8.0 Transport: Boralus Canals
2095,8.0 Transport: Boralus Sound
2096,Caldeirão das Tempestades
2097,Operação: Gnomecan
2101,8.0 Transport: Boralus Barge
2102,8.0 Transport: Boralus Ship Small
2103,Darkshore Prepatch Darnassian Ship
2105,Fronts de Guerra da Costa Negra - Aliança
2106,Ravina Brado Guerreiro
2107,Bacia Arathi
2109,8.1.0 Incursion Airship Horde
2110,8.1.0 Incursion Airship Alliance
2111,Fronts de Guerra da Costa Negra - Horda
2112,9.0 Dev Land
2114,Protótipo da Gorja
2115,8.1 Darkshore Scenario
2116,8.0 Islands - Event
2117,N'Zoth
2118,Batalha por Invérnia
2119,Transporte: Culinária: Impossível - Balão de Ar Quente - Aliança
2120,Transporte: Culinária: Impossível - Balão de Ar Quente - Horda
2122,DELETE
2123,Missões do Santuário da Tempestade
2124,Desalento (Ilhas 11)
2125,Tesouro Zandalari
2127,Minas Abandonadas
2128,Reino da Adaga
2129,Missões da Horda na Costa Negra 8.1
2130,Malogro
2131,Costa Negra 8.1 Fase Final Externa
2132,9.0 Dev Land 2
2134,Cenário de Tol Dagor
2135,Dev Smoketest
2136,Transporte: Navio do Raide de Zuldazar
2143,DO NOT USE [Deprecated]
2145,Transporte: Navio de Guerra Noctiélfico
2146,Transporte: Navio de Guerra Renegado
2147,Cidadela da Coroa de Gelo (8.1)
2155,Cenário dos Salões Rochosos
2156,Visions of N'Zoth - Prototype
2160,Maw Prototype - Dragonblight
2161,Maw Prototype - Torment Chambers
2162,"Thanator, a Torre dos Malditos"
2163,Cenário de Gnomeregan
2164,Palácio Eterno
2165,SpawnedMO: Night Elf Warship
2166,Transporte: Navio de Boralus do Raide de Zuldazar
2167,Robódromo
2168,"Level Design Process, Techniques and Resources"
2169,Cenário de Uldir
2170,Cenário da Tradição Tauren
2174,"Salões Escarlates, Patrulheira Sombria"
2175,9.0 NPE (New Player Experience) - Exile's Reach
2176,SpawnedMO: Forsaken Ship Large
2177,Surra no PC da Bacia Arathi
2178,Prisão de Nanquim
2179,Masmorra de Mascotes de Stratholme
2180,O Bosque Onírico (Taberna Pedra de Regresso)
2186,The Obsidian Sanctum - 8.2 Magni - Heart of Azeroth
2187,Salões Primordiais
2193,Ruína de Galakrond
2194,Taberna Pedra de Regresso
2195,Taberna Pedra de Regresso
2197,Revanche de Korrak
2205,9.0 Transport: Zone Transition Test
2207,Covil de Neltharion - Cenário CdA
2208,Reinos do Leste - Rubro Reduto - Cenário CdA
2209,Sonho Esmeralda - Cenário CdA
2210,Cerco a Orgrimmar - Cenário do Golpe
2211,Guilnéas - Cenário da Tradição Worgen
2212,Visão Horrenda de Orgrimmar
2213,Visão Horrenda de Ventobravo
2214,Voragem - Coração de Azeroth
2215,Câmara do Coração - Consertada
2217,"Ny'alotha, a Cidade Desperta"
2218,"Dummy Map (Dev and empty, use if you want)"
2222,Terras Sombrias
2223,Olho da Eternidade - Cenário CdA
2224,Programmer Map - Continent
2225,Programmer Map - Dungeon
2226,Programmer Map - Battlefield
2227,Programmer Map - Raid
2228,Programmer Map - Scenario
2230,9.0 Prototype - Seamless Teleport - A
2231,9.0 Prototype - Seamless Teleport - B
2232,Catacumbas de Karazhan - Cenário CdA
2233,Templo da Serpente de Jade - Cenário de CdA
2234,9.0 Prototype - Seamless Teleport - Transfer Map
2235,Cavernas do Tempo - Aniversário
2236,Cidadela de Malhonegro
2237,Orgrimmar do 8.2.5
2240,[UNUSED] [DEV MAP] 8.3 Stormheim
2241,Uldum
2242,Mapa de Dev - K
2243,Mapa de Dev - J
2245,Desfiladeiro do Vendaval
2246,Solesa Naksu [DNT]
2247,Cenário de Mogu'shan
2249,FX Test Dungeon
2250,Test Dungeon PvP
2254,Cinematics Test Map (Development Map)
2255,Cinematics Test Map II (Development Map)
2257,Câmara do Coração - Cenário
2258,Sucatópolis - Cenário
2261,9.0 Transport - NPE - Alliance Battleship
2263,Sucatópolis
2264,Visões de N'Zoth - Orgrimmar - Teste de Engenharia
2266,Cenário do Descenso do Asa Negra
2267,cidade
2268,Cidade de Gnomecan
2274,Visão das Areias Revolventes
2275,Vale do Crepúsculo Eterno
2276,9.0 Transport - Maldraxxus Necropolis [Transport]
2277,9.0 SpawnedMO - Maldraxxus Necropolis [WMO]
2278,Cenário de Revendreth
2279,Teste de Thanator
2282,Abismo Rocha Negra - Masmorra de Mascotes
2284,Profundezas Sanguinárias
2285,Torres da Ascensão
2286,Chaga Necrótica
2287,Salões da Expiação
2288,[DEV] - Arena of Ascension
2289,Empéstia
2290,Brumas de Tirna Scithe
2291,O Outro Lado
2292,8.3 Campo de Batalha Épico - Front de Guerra Arathi (JxJ)
2293,Teatro da Dor
2294,[NOT USED] Realm
2296,Castelo de Nathria
2297,Icecrown Citadel (8.3)
2299,Cenário da Visão de Ysera
2300,Redridge - 9xp Bastion
2301,Cenário do Final de Maldraxxus
2303,Cenário da Área de Ardena
2304,Cenário do Final de Tyrande em Ardena
2305,Cenário do Bastião
2306,Julien LoD Test
2308,Final da Guerreira da Noite do Bastião - Cenário do Pacto de Ardena
2309,Transporte: Elevador da Plataforma 01 da Ponte de Thanator
2354,Cenário do Capítulo 2 do Pacto de Ardena
2355,Chaga Necrótica (Transporte)
2356,Cenário do Castelo de Nathria
2360,Cenário de Pecádia
2362,Final do Cenário do Pacto de Maldraxxus
2363,9.0 - Ardenweald - Garden - Queen's Conservatory
2364,A Gorja
2365,9.0 Maw - Torghast - 9Maw_Bridge_SmallPlatform01
2366,9.0 Maw - Torghast - 9Maw_Zone_WallTurret01
2367,9.0 Maw - Torghast - 9Maw_Bridge_Straight03
2368,Ilhas dos Corretores de Maldraxxus
2369,9.0 NPE - Horde - Starter Transport Ship - (STM)
2370,Arena de Maldraxxus
2371,9.0 - Ardena - Pacto - Final - Cenário Drusto
2373,Domínio Empíreo
2375,9.0 Bastion Arena - Path of Ascension
2437,Dev Map - Internapalooza
2438,PerFeitiço
2439,O Outro Lado (Campanha de Ardena)
2440,Árvore do Mundo 2
2441,"Tazavesh, o Mercado Oculto"
2450,Sacrário da Dominação
2452,Dev Map - Internapalooza
2453,Thanator
2456,A Gorja
2464,Batalha de Ardena - 9.1
2465,9.1 Andorhal - Kyrian Chapter Scenario
2469,Thanator
2471,Thanator
2472,Fortaleza Celeste
2482,Fonte da Fidelidade
2484,Terra das Profissões
2485,Thanator
2486,Thanator
2487,Thanator
2488,Thanator
2489,Thanator
2490,Thanator
